0;abnormally;abnormal
1;absentmindedly;absentminded
2;accidentally;accidental
3;accurately;accurate
4;acidly;acid
5;actually;actual
6;actuality;actual
7;additionally;additional
8;adventurously;adventurous
9;afterwards;afterwards
10;agree;agreement
11;almost;almost
12;always;always
13;amazingly;amaze
14;angrily;angrily
15;annually;annual
16;anxiously;anxious
17;apparently;apparent
18;arrogantly;arrogant
19;awkwardly;awkward
20;badly;bad
21;bashfully;bashful
22;beautifully;beautiful
23;bitterly;bitter
24;bleakly;bleak
25;blindly;blind
26;blissfully;blissful
27;boastfully;boastful
28;boldly;bold
29;bravely;brave
30;briefly;brief
31;brightly;bright
32;briskly;brisk
33;broadly;broad
34;busily;busy
35;calmly;calm
36;carefully;careful
37;carelessly;careless
38;cautiously;cautious
39;certainly;certain
40;cheerfully;cheerful
41;clearly;clear
42;cleverly;clever
43;closely;close
44;coaxingly;coaxing
45;colorfully;colorful
46;commonly;common
47;continually;continual
48;coolly;cool
49;correctly;correct
50;courageously;courageous
51;crossly;cross
52;cruelly;cruel
53;curiously;curious
54;daily;daily
55;daintily;dainty
56;dearly;dear
57;deceivingly;deceiving
58;delightfully;delightful
59;deeply;deep
60;defiantly;defiant
61;deliberately;deliberate
62;diligently;diligent
63;dimly;dim
64;doubtfully;doubtful
65;dreamily;dreami
66;easily;easy
67;elegantly;elegant
68;energetically;energetical
69;enormously;enormous
70;enthusiastically;enthusiastical
71;equally;equal
72;especially;especial
73;even;even
74;evenly;even
75;eventually;eventual
76;exactly;exact
77;excitedly;excited
78;extremely;extreme
79;fairly;fair
80;faithfully;faithful
81;famously;famous
82;far;far
83;fast;fast
84;fatally;fatal
85;ferociously;ferocious
86;fervently;fervent
87;fiercely;fierce
88;fondly;fond
89;foolishly;foolish
90;fortunately;fortunate
91;frankly;frank
92;frantically;frantical
93;freely;free
94;frenetically;frenetical
95;frightfully;frightful
96;fully;full
97;furiously;furious
98;generally;general
99;generously;generous
100;gently;gentle
101;gladly;glad
102;gleefully;gleeful
103;gracefully;graceful
104;gratefully;grateful
105;greatly;great
106;greedily;greed
107;happily;happy
108;hastily;hasty
109;healthily;healthy
110;heavily;heavy
111;helpfully;helpful
112;helplessly;helpless
113;highly;high
114;honestly;honest
115;hopelessly;hopeless
116;hourly;hour
117;hungrily;hungry
118;immediately;immediate
119;innocently;innocent
120;inquisitively;inquisitive
121;instantly;instant
122;intensely;intense
123;intently;intent
124;interestingly;interesting
125;inwardly;inward
126;irritably;irritable
127;jaggedly;jagged
128;jealously;jealous
129;joshingly;joshing
130;joyfully;joyful
131;joyously;joyous
132;jovially;jovial
133;jubilantly;jubilant
134;judgmentally;judgmental
135;justly;just
136;keenly;keen
137;kiddingly;kidding
138;kindheartedly;kindhearted
139;kindly;kind
140;knavishly;knavish
141;knottily;knotty
142;knowingly;knowing
143;knowledgeably;knowledgeable
144;kookily;kooky
145;lazily;lazy
146;less;less
147;lightly;light
148;likely;like
149;limply;limp
150;lively;live
151;loftily;lofty
152;longingly;longing
153;loosely;loose
154;lovingly;loving
155;loudly;loud
156;loyally;loyal
157;madly;mad
158;majestically;majestical
159;meaningfully;meaningful
160;mechanically;mechanical
161;merrily;merry
162;miserably;miserable
163;mockingly;mocking
164;monthly;month
165;more;more
166;mortally;mortal
167;mostly;most
168;mysteriously;mysterious
169;naturally;natural
170;nearly;near
171;neatly;neat
172;needily;needy
173;nervously;nervous
174;never;never
175;nicely;nice
176;noisily;noisy
177;not;not
178;obediently;obedient
179;obnoxiously;obnoxious
180;oddly;odd
181;offensively;offensive
182;officially;official
183;often;often
184;only;only
185;openly;open
186;optimistically;optimistical
187;overconfidently;overconfident
188;owlishly;owlish
189;painfully;painful
190;partially;partial
191;patiently;patient
192;perfectly;perfect
193;physically;physical
194;playfully;playful
195;politely;polite
196;poorly;poor
197;positively;positive
198;potentially;potential
199;powerfully;powerful
200;promptly;prompt
201;properly;proper
202;punctually;punctual
203;quaintly;quaint
204;quarrelsomely;quarrelsome
205;queasily;queasy
206;queerly;queer
207;questionably;questionable
208;questioningly;questioning
209;quicker;quicker
210;quickly;quick
211;quietly;quiet
212;quirkily;quirky
213;quizzically;quizzical
214;rapidly;rapid
215;rarely;rare
216;readily;ready
217;really;real
218;reassuringly;reassuring
219;recklessly;reckless
220;regularly;regular
221;reluctantly;reluctant
222;repeatedly;repeated
223;reproachfully;reproachful
224;restfully;restful
225;righteously;righteous
226;rightfully;rightful
227;rigidly;rigid
228;roughly;rough
229;rudely;rude
230;sadly;sad
231;safely;safe
232;scarcely;scarce
233;scarily;scary
234;searchingly;searching
235;sedately;sedate
236;seemingly;seeming
237;seldom;seldom
238;selfishly;selfish
239;separately;separate
240;seriously;serious
241;shakily;shaky
242;sharply;sharp
243;sheepishly;sheepish
244;shrilly;shril
245;shyly;shy
246;silently;silent
247;sleepily;sleepy
248;slowly;slow
249;smoothly;smooth
250;softly;soft
251;solemnly;solemn
252;solidly;solid
253;sometimes;sometimes
254;soon;soon
255;speedily;speedy
256;stealthily;stealthy
257;sternly;stern
258;strictly;strict
259;substantially;substantial
260;substantive;substantial
261;successfully;successful
262;suddenly;sudden
263;surprisingly;surprising
264;suspiciously;suspicious
265;sweetly;sweet
266;swiftly;swift
267;sympathetically;sympathetical
268;tenderly;tender
269;tensely;tense
270;terribly;terrible
271;thankfully;thankful
272;thoroughly;thorough
273;thoughtfully;thoughtful
274;tightly;tight
275;typically;typical
276;tomorrow;tomorrow
277;too;too
278;tremendously;tremendous
279;triumphantly;triumphant
280;truly;truly
281;truthfully;truthful
282;ultimately;ultimate
283;unabashedly;unabashedle
284;unaccountably;unaccountable
285;unbearably;unbearable
286;unethically;unethical
287;unexpectedly;unexpected
288;unfortunately;unfortunate
289;unimpressively;unimpressive
290;unnaturally;unnatural
291;unnecessarily;unnecessary
292;utterly;utterly
293;upbeat;upbeat
294;upliftingly;uplifting
295;upright;upright
296;upside-down;upside-down
297;upward;upward
298;upwardly;upward
299;urgently;urgent
300;usefully;useful
301;uselessly;useless
302;usually;usual
303;vacantly;vacant
304;vaguely;vague
305;vainly;vain
306;valiantly;valiant
307;vastly;vast
308;verbally;verbal
309;very;very
310;viciously;vicious
311;victoriously;victorious
312;violently;violent
313;vivaciously;vivacious
314;voluntarily;voluntary
315;warmly;warm
316;weakly;weak
317;wearily;weary
318;well;well
319;wetly;wet
320;wholly;whol
321;wildly;wild
322;willfully;willful
323;wisely;wise
324;woefully;woeful
325;wonderfully;wonderful
326;worriedly;worried
327;wrongly;wrong
328;yawningly;yawning
329;yearly;yearly
330;yearningly;yearning
331;yesterday;yesterday
332;yieldingly;yielding
333;youthfully;youthful
334;zealously;zealous
335;zestfully;zestful
336;zestily;zesty
337;definitely;
338;lovely;
339;normally;normal
340;slightly;slight
341;probably;probable
342;stretchy;stretch
343;completely;complete
344;incredibly;incredible
345;totally;total
346;flirty;flirt
347;originally;original
348;particularly;particular
349;recently;recent
350;literally;literal
351;comfortably;comfortable
352;flimsy;delicate 
353;scratchy;scratchy
354;personally;personal
355;billowy;billow
356;currently;current
357;pleasantly;pleasant
358;initially;initial
359;pregnancy;pregnant
360;hopefully;hopeful
361;versatility;versatile
362;luckily;lucky
363;matronly;matron
364;casually;casual
365;lately;late
366;obviously;obvious
367;ridiculously;ridiculous
368;wrinkly;wrink
369;relatively;relative
370;strangely;strange
371;entirely;entire
372;friendly;friend
373;mainly;main
374;lastly;last
375;weirdly;weird
376;girly;girl
377;possibility;possible
378;specifically;specifical
379;gorgeously;gorgeous
380;horribly;horrible
381;importantly;important
382;technically;technical
383;effortlessly;effortless
384;essentially;essential
385;practically;practical
386;previously;previous
387;uncomfortably;uncomfortable
388;weighty;weight
389;consistently;consistent
390;constantly;constant
391;exceptionally;exceptional
392;novelty;novelty
393;vertically;vertical
394;visually;visual
395;availability;available
396;comically;comical
397;considerably;considerable
398;differently;different
399;flashy;flash
400;flexibility;flexible
401;heavenly;heavenly
402;insanely;insane
403;majorly;majorly
404;necessarily;necessaire
405;secondly;second
406;subtly;subtlety
407;unbelievably;unbelievable
408;unflatteringly;unflattering
409;virtually;virtual
410;wearability;wearable
411;appropriately;appropriate
412;approximately;approximate
413;definately;definate
414;delicately;delicate
415;desperately;desperate
416;excessively;excessive
417;fabulously;fabulous
418;firstly;first
419;flatteringly;flattering
420;fluffy;fluff
421;frequently;frequent
422;immensely;immense
423;inappropriately;inappropriate
424;incorrectly;incorrect
425;intricately;intricate
426;invariably;invariable
427;massively;massive
428;moderately;moderate
429;noticeably;noticeable
430;occasionally;occasional
431;partly;partial
432;professionally;professional
433;proportionally;proportional
434;randomly;random
435;reasonably;reasonable
436;regrettably;regrettable
437;remotely;remote
438;strongly;strong
439;surely;sure
440;tastefully;tasteful
441;unattractively;unattractive
442;undoubtedly;undoubtedle
443;unfortunatly;unfortunate
444;adjustability;adjustable
445;atrociously;atrocious
446;attractively;attractive
447;automatically;automatical
448;billowly;billowy
449;biweekly;biweek
450;boyishly;boyishly
451;breathtakingly;breathtaking
452;casualty;casual
453;causally;causal
454;cleanly;clean
455;clesrly;clear
456;completly;complet
457;consequently;consequent
458;continuously;continuous
459;contralaterally;contralaterally
460;creatively;creative
461;dangerously;dangerous
462;deligthfully;deligthful
463;distinctly;distinct
464;doggedly;dogged
465;dramatically;dramatical
466;eagerly;eager
467;endlessly;endless
468;especailly;especially
469;evidently;evident
470;exclusively;exclusive
471;exquisitely;exquisite
472;extensively;extensive
473;extraordinarily;extraordinary
474;femininity;feminine
475;flexibly;flexible
476;flowly;fluid 
477;fluidity;fluid
478;formally;formal
479;funnily;funny
480;generaly;general
481;genuinely;genuine
482;grandmotherly;grandmother
483;historically;historical
484;honesty;honest
485;hurriedly;hurried
486;identically;identical
487;immediatley;immediat
488;impeccably;impeccable
489;impossibly;impossible
490;impulsively;impulsive
491;inaccurately;inaccurate
492;indecently;indecent
493;inflexibility;inflexible
494;insecurity;insecure
495;intracately;intracate
496;irresistibly;irresistible
497;iusually;usual
498;largely;large
499;latetly;late
500;lovey;lovely
501;manually;manual
502;marginally;marginal
503;mildly;soft
504;miraculously;miraculous
505;neccissarily;necessare
506;objectionably;objectionable
507;originality;original
508;outrageously;outrageous
509;overdressy;overdress
510;overwhelmingly;overwhelming
511;periodically;periodical
512;pouffy;puffy
513;prettily;pretty
514;princessy;princess
515;probabley;probable
516;prominently;prominent
517;purely;pure
518;realistically;realistic
519;rediculously;rediculous
520;regretfully;regretful
521;reliably;reliable
522;richly;rich
523;routinely;routine
524;satisfactorily;satisfactory
525;scandelously;scandelous
526;seamlessly;seamless
527;seasonally;seasonal
528;securely;secure
529;shortly;short
530;similarly;similare
531;simultaneously;simultaneous
532;sincerely;sincere
533;slighly;slight
534;sparingly;sparingly
535;strectchy;stretchy
536;strecthy;stretchy
537;stunningly;stunning
538;subsequently;subsequent
539;supremely;supreme
540;texturally;textural
541;timely;time
542;timey;time
543;ulitimately;ulitimate
544;unintentionally;unintentional
545;universally;universal
546;unreasonably;unreasonable
547;unshapely;unshape
548;unsightly;unsight
549;velvety;velvet
550;washability;washable
551;whimsically;whimsical
552;widely;wide
553;womanly;feminine
