0,aboard
1,about
2,above
3,across
4,after
5,against
6,along
7,amid
8,among
9,around
10,as
11,at
12,before
13,behind
14,below
15,beneath
16,beside
17,between
18,beyond
19,but
20,by
21,concerning
22,considering
23,despite
24,down
25,during
26,except
27,except
28,following
29,for
30,from
31,in
32,inside
33,into
34,like
35,minus
36,near
37,next
38,of
39,off
40,on
41,onto
42,opposite
43,out
44,outside
45,over
46,past
47,per
48,plus
49,regarding
50,round
51,save
52,since
53,than
54,through
55,to
56,toward
57,under
58,underneath
59,unlike
60,until
61,up
62,upon
63,versus
64,via
65,with
66,within
67,without
